{
    "lists":[
        {
            "title":"Samsung 三星 Galaxy Note4 N9108V 移动4G手机 幻影白",
            "pic":"http://d8.yihaodianimg.com/N06/M06/8A/B9/CgQIzVQj87GAZ2-bAAMyoIZt8v863301_80x80.jpg",
            "link":"#1",
            "date":"2015-02-02"
        },
        {
            "title":"HTC Desire 826T 魔幻蓝 移动4G手机 双卡双待",
            "pic":"http://d8.yihaodianimg.com/N06/M04/DC/24/ChEbu1T4HVeASjwEAAGHikpYgyQ10901_80x80.jpg",
            "link":"#2",
            "date":"2015-01-03"
        },
        {
            "title":"华为 荣耀畅玩4X Che2-UL00 联通标配版4G手机 双卡双待双通 白色",
            "pic":"http://d8.yihaodianimg.com/N05/M05/BE/72/ChEbulTYbhyAY_DmAAGmsWjdGgY32601_80x80.jpg",
            "link":"#3",
            "date":"2015-02-02"
        }
    ]
}