{
  "sites": [
    { "name": "haiping01","url": "www.baidu.com" }
  ],
  "notes": {
    "categorys": [
      { "asidetxt": "手机 电话卡" },
      { "asidetxt": "笔记本 平板" },
      { "asidetxt": "电视 盒子" },
      { "asidetxt": "路由器 智能硬件" },
      { "asidetxt": "移动电源 电池 插线板" },
      { "asidetxt": "耳机 音响" },
	    { "asidetxt": "保护套 贴膜" },
      { "asidetxt": "线材 支架 存储卡" },
      { "asidetxt": "箱包 服饰 鞋 眼镜" },
      { "asidetxt": "米兔 生活周边" }  
    ],
    "subcons": [
      { "subtxt": "选购大华", "subimg": "/data/brandlogo/1497856170605821875.png" },
      { "subtxt": "选购思柏", "subimg": "/data/brandlogo/1497490630862254761.png" },
      { "subtxt": "选购星光楼宇", "subimg": "/data/brandlogo/1497511833264761290.png" },
      { "subtxt": "选购奥威尔", "subimg": "/data/brandlogo/1497511627853249551.png" },
      { "subtxt": "选购华为", "subimg": "/data/brandlogo/1497493291473546144.png" },
      { "subtxt": "选购海康威视", "subimg": "/data/brandlogo/1497856148384181217.png" }
    ],
    "subcells": [
      { "subcelltxt": "", "subcellimg": "//i1.mifile.cn/a4/xmad_15050473167628_KRHLD.jpg" },
      { "subcelltxt": "", "subcellimg": "//i1.mifile.cn/a4/xmad_15050456697584_ykvzc.jpg" },
      { "subcelltxt": "", "subcellimg": "//i1.mifile.cn/a4/xmad_1505206453699_EsZnf.jpg" }
    ],
    "bcells": [
      { "imgurl": "../../../static/images/xmbanner1.jpg" },
      { "imgurl": "../../../static/images/xmbanner2.jpg" },
      { "imgurl": "../../../static/images/xmbanner3.jpg" },
      { "imgurl": "../../../static/images/xmbanner4.jpg" }
    ],
    "skus": [
      {
        "sku_id": "1",
        "sku_img": "../../../static/images/sku-02.jpg",
        "sku_bigtxt": "1新汉旺 一卡通 指纹考勤终端 HW211T-ID",
        "sku_smalltxt": "1四轴防抖相机，能刷公交卡、银行卡",
        "sku_price": "1"
      },
      {
        "sku_id": "2",
        "sku_img": "../../../static/images/sku-02.jpg",
        "sku_bigtxt": "2新汉旺 一卡通 指纹考勤终端 HW211T-ID",
        "sku_smalltxt": "2四轴防抖相机，能刷公交卡、银行卡",
        "sku_price": "2"
      },
      {
        "sku_id": "3",
        "sku_img": "../../../static/images/sku-02.jpg",
        "sku_bigtxt": "3新汉旺 一卡通 指纹考勤终端 HW211T-ID",
        "sku_smalltxt": "3四轴防抖相机，能刷公交卡、银行卡",
        "sku_price": "3"
      },
      {
        "sku_id": "4",
        "sku_img": "../../../static/images/sku-02.jpg",
        "sku_bigtxt": "4新汉旺 一卡通 指纹考勤终端 HW211T-ID",
        "sku_smalltxt": "4四轴防抖相机，能刷公交卡、银行卡",
        "sku_price": "4"
      },
      {
        "sku_id": "5",
        "sku_img": "../../../static/images/sku-02.jpg",
        "sku_bigtxt": "5新汉旺 一卡通 指纹考勤终端 HW211T-ID",
        "sku_smalltxt": "5四轴防抖相机，能刷公交卡、银行卡",
        "sku_price": "5"
      }
    ],
    "floors": [
      {
        "title": "搭配",
        "themes": [
          { "themeimg": "../../../static/images/xmad-01.jpg" , "title": "1" , "alt": "第一张主题图片" },
          { "themeimg": "../../../static/images/xmad-01.jpg" , "title": "2" , "alt": "第二张主题图片" }
        ],
        "rows": [
          {
            "row_id": "1",
            "row_img": "../../../static/images/sku-02.jpg",
            "row_bigtxt": "1新汉旺 一卡通 指纹考勤终端 HW211T-ID",
            "row_smalltxt": "1四轴防抖相机，能刷公交卡、银行卡",
            "row_price": "1799"
          },
          {
            "row_id": "2",
            "row_img": "../../../static/images/sku-02.jpg",
            "row_bigtxt": "新汉旺 一卡通 指纹考勤终端 HW211T-ID",
            "row_smalltxt": "四轴防抖相机，能刷公交卡、银行卡",
            "row_price": "1799"
          },
          {
            "row_id": "3",
            "row_img": "../../../static/images/sku-02.jpg",
            "row_bigtxt": "新汉旺 一卡通 指纹考勤终端 HW211T-ID",
            "row_smalltxt": "四轴防抖相机，能刷公交卡、银行卡",
            "row_price": "1799"
          },
          {
            "row_id": "4",
            "row_img": "../../../static/images/sku-02.jpg",
            "row_bigtxt": "新汉旺 一卡通 指纹考勤终端 HW211T-ID",
            "row_smalltxt": "四轴防抖相机，能刷公交卡、银行卡",
            "row_price": "1799"
          },
          {
            "row_id": "5",
            "row_img": "../../../static/images/sku-02.jpg",
            "row_bigtxt": "新汉旺 一卡通 指纹考勤终端 HW211T-ID",
            "row_smalltxt": "四轴防抖相机，能刷公交卡、银行卡",
            "row_price": "1799"
          },
          {
            "row_id": "6",
            "row_img": "../../../static/images/sku-02.jpg",
            "row_bigtxt": "新汉旺 一卡通 指纹考勤终端 HW211T-ID",
            "row_smalltxt": "四轴防抖相机，能刷公交卡、银行卡",
            "row_price": "1799"
          },
          {
            "row_id": "7",
            "row_img": "../../../static/images/sku-02.jpg",
            "row_bigtxt": "新汉旺 一卡通 指纹考勤终端 HW211T-ID",
            "row_smalltxt": "四轴防抖相机，能刷公交卡、银行卡",
            "row_price": "1799"
          },
          {
            "row_id": "8",
            "row_img": "../../../static/images/sku-02.jpg",
            "row_bigtxt": "新汉旺 一卡通 指纹考勤终端 HW211T-ID",
            "row_smalltxt": "四轴防抖相机，能刷公交卡、银行卡",
            "row_price": "1799"
          }
        ]
      },
      {
        "title": "智能硬件",
        "themes": [
          { "themeimg": "../../../static/images/xmad-03.jpg" , "title": "1" , "alt": "第一张主题图片" }
        ],
        "rows": [
          {
            "row_id": "9",
            "row_img": "../../../static/images/sku-02.jpg",
            "row_bigtxt": "1新汉旺 一卡通 指纹考勤终端 HW211T-ID",
            "row_smalltxt": "1四轴防抖相机，能刷公交卡、银行卡",
            "row_price": "1799"
          },
          {
            "row_id": "10",
            "row_img": "../../../static/images/sku-02.jpg",
            "row_bigtxt": "10新汉旺 一卡通 指纹考勤终端 HW211T-ID",
            "row_smalltxt": "10四轴防抖相机，能刷公交卡、银行卡",
            "row_price": "1799"
          },
          {
            "row_id": "11",
            "row_img": "../../../static/images/sku-02.jpg",
            "row_bigtxt": "11新汉旺 一卡通 指纹考勤终端 HW211T-ID",
            "row_smalltxt": "11四轴防抖相机，能刷公交卡、银行卡",
            "row_price": "1799"
          },
          {
            "row_id": "12",
            "row_img": "../../../static/images/sku-02.jpg",
            "row_bigtxt": "12新汉旺 一卡通 指纹考勤终端 HW211T-ID",
            "row_smalltxt": "12四轴防抖相机，能刷公交卡、银行卡",
            "row_price": "1799"
          },
          {
            "row_id": "13",
            "row_img": "../../../static/images/sku-02.jpg",
            "row_bigtxt": "13新汉旺 一卡通 指纹考勤终端 HW211T-ID",
            "row_smalltxt": "13四轴防抖相机，能刷公交卡、银行卡",
            "row_price": "1799"
          },
          {
            "row_id": "14",
            "row_img": "../../../static/images/sku-02.jpg",
            "row_bigtxt": "14新汉旺 一卡通 指纹考勤终端 HW211T-ID",
            "row_smalltxt": "14四轴防抖相机，能刷公交卡、银行卡",
            "row_price": "1799"
          },
          {
            "row_id": "15",
            "row_img": "../../../static/images/sku-02.jpg",
            "row_bigtxt": "15新汉旺 一卡通 指纹考勤终端 HW211T-ID",
            "row_smalltxt": "15四轴防抖相机，能刷公交卡、银行卡",
            "row_price": "1799"
          },
          {
            "row_id": "16",
            "row_img": "../../../static/images/sku-02.jpg",
            "row_bigtxt": "16新汉旺 一卡通 指纹考勤终端 HW211T-ID",
            "row_smalltxt": "16四轴防抖相机，能刷公交卡、银行卡",
            "row_price": "1799"
          }
        ]
      },
      {
        "title": "配件",
        "themes": [
          { "themeimg": "../../../static/images/xmad-03.jpg" , "title": "1" , "alt": "第一张主题图片" }
        ],
        "rows": [
          {
            "row_id": "17",
            "row_img": "../../../static/images/sku-02.jpg",
            "row_bigtxt": "17新汉旺 一卡通 指纹考勤终端 HW211T-ID",
            "row_smalltxt": "17四轴防抖相机，能刷公交卡、银行卡",
            "row_price": "1799"
          },
          {
            "row_id": "18",
            "row_img": "../../../static/images/sku-02.jpg",
            "row_bigtxt": "18新汉旺 一卡通 指纹考勤终端 HW211T-ID",
            "row_smalltxt": "18四轴防抖相机，能刷公交卡、银行卡",
            "row_price": "1799"
          },
          {
            "row_id": "19",
            "row_img": "../../../static/images/sku-02.jpg",
            "row_bigtxt": "19新汉旺 一卡通 指纹考勤终端 HW211T-ID",
            "row_smalltxt": "19四轴防抖相机，能刷公交卡、银行卡",
            "row_price": "1799"
          },
          {
            "row_id": "20",
            "row_img": "../../../static/images/sku-02.jpg",
            "row_bigtxt": "20新汉旺 一卡通 指纹考勤终端 HW211T-ID",
            "row_smalltxt": "20四轴防抖相机，能刷公交卡、银行卡",
            "row_price": "1799"
          },
          {
            "row_id": "21",
            "row_img": "../../../static/images/sku-02.jpg",
            "row_bigtxt": "21新汉旺 一卡通 指纹考勤终端 HW211T-ID",
            "row_smalltxt": "21四轴防抖相机，能刷公交卡、银行卡",
            "row_price": "1799"
          },
          {
            "row_id": "22",
            "row_img": "../../../static/images/sku-02.jpg",
            "row_bigtxt": "22新汉旺 一卡通 指纹考勤终端 HW211T-ID",
            "row_smalltxt": "22四轴防抖相机，能刷公交卡、银行卡",
            "row_price": "1799"
          },
          {
            "row_id": "23",
            "row_img": "../../../static/images/sku-02.jpg",
            "row_bigtxt": "23新汉旺 一卡通 指纹考勤终端 HW211T-ID",
            "row_smalltxt": "23四轴防抖相机，能刷公交卡、银行卡",
            "row_price": "1799"
          },
          {
            "row_id": "24",
            "row_img": "../../../static/images/sku-02.jpg",
            "row_bigtxt": "24新汉旺 一卡通 指纹考勤终端 HW211T-ID",
            "row_smalltxt": "24四轴防抖相机，能刷公交卡、银行卡",
            "row_price": "1799"
          }
        ]
      },
      {
        "title": "家居安防",
        "themes": [
          { "themeimg": "../../../static/images/xmad-03.jpg" , "title": "1" , "alt": "第一张主题图片" }
        ],
        "rows": [
          {
            "row_id": "25",
            "row_img": "../../../static/images/sku-02.jpg",
            "row_bigtxt": "25新汉旺 一卡通 指纹考勤终端 HW211T-ID",
            "row_smalltxt": "25四轴防抖相机，能刷公交卡、银行卡",
            "row_price": "1799"
          },
          {
            "row_id": "19",
            "row_img": "../../../static/images/sku-02.jpg",
            "row_bigtxt": "26新汉旺 一卡通 指纹考勤终端 HW211T-ID",
            "row_smalltxt": "26四轴防抖相机，能刷公交卡、银行卡",
            "row_price": "1799"
          },
          {
            "row_id": "27",
            "row_img": "../../../static/images/sku-02.jpg",
            "row_bigtxt": "27新汉旺 一卡通 指纹考勤终端 HW211T-ID",
            "row_smalltxt": "27四轴防抖相机，能刷公交卡、银行卡",
            "row_price": "1799"
          },
          {
            "row_id": "28",
            "row_img": "../../../static/images/sku-02.jpg",
            "row_bigtxt": "28新汉旺 一卡通 指纹考勤终端 HW211T-ID",
            "row_smalltxt": "28四轴防抖相机，能刷公交卡、银行卡",
            "row_price": "1799"
          },
          {
            "row_id": "19",
            "row_img": "../../../static/images/sku-02.jpg",
            "row_bigtxt": "29新汉旺 一卡通 指纹考勤终端 HW211T-ID",
            "row_smalltxt": "29四轴防抖相机，能刷公交卡、银行卡",
            "row_price": "1799"
          },
          {
            "row_id": "30",
            "row_img": "../../../static/images/sku-02.jpg",
            "row_bigtxt": "30新汉旺 一卡通 指纹考勤终端 HW211T-ID",
            "row_smalltxt": "30四轴防抖相机，能刷公交卡、银行卡",
            "row_price": "1799"
          },
          {
            "row_id": "31",
            "row_img": "../../../static/images/sku-02.jpg",
            "row_bigtxt": "31新汉旺 一卡通 指纹考勤终端 HW211T-ID",
            "row_smalltxt": "31四轴防抖相机，能刷公交卡、银行卡",
            "row_price": "1799"
          },
          {
            "row_id": "32",
            "row_img": "../../../static/images/sku-02.jpg",
            "row_bigtxt": "32新汉旺 一卡通 指纹考勤终端 HW211T-ID",
            "row_smalltxt": "32四轴防抖相机，能刷公交卡、银行卡",
            "row_price": "1799"
          }
        ]
      }
    ],
    "recommend": [
      {
        "recom_title": "推荐",
        "recomrow": [
          {
            "recom_id": "123",
            "recom_img": "../../../static/images/sku-02.jpg",
            "recom_bigtxt": "sgfagrayhatyh",
            "recom_smalltxt": "ewrwrtwert",
            "recom_price": "1952"
          },
          {
            "recom_id": "123",
            "recom_img": "../../../static/images/sku-02.jpg",
            "recom_bigtxt": "sgfagrayhatyh",
            "recom_smalltxt": "ewrwrtwert",
            "recom_price": "1952"
          },
          {
            "recom_id": "123",
            "recom_img": "../../../static/images/sku-02.jpg",
            "recom_bigtxt": "sgfagrayhatyh",
            "recom_smalltxt": "ewrwrtwert",
            "recom_price": "1952"
          },
          {
            "recom_id": "123",
            "recom_img": "../../../static/images/sku-02.jpg",
            "recom_bigtxt": "sgfagrayhatyh",
            "recom_smalltxt": "ewrwrtwert",
            "recom_price": "1952"
          },
          {
            "recom_id": "123",
            "recom_img": "../../../static/images/sku-02.jpg",
            "recom_bigtxt": "sgfagrayhatyh",
            "recom_smalltxt": "ewrwrtwert",
            "recom_price": "1952"
          }
        ]
      }
    ],
    "hots": [
      {
        "hot_title": "推荐",
        "hotrow": [
          {
            "hot_id": "123",
            "hot_img": "../../../static/images/sku-02.jpg"
          },
          {
            "hot_id": "123",
            "hot_img": "../../../static/images/sku-02.jpg"
          },
          {
            "hot_id": "123",
            "hot_img": "../../../static/images/sku-02.jpg"
          },
          {
            "hot_id": "123",
            "hot_img": "../../../static/images/sku-02.jpg"
          },
          {
            "hot_id": "123",
            "hot_img": "../../../static/images/sku-02.jpg"
          }
        ]
      }
    ],
    "goodsList":[
          { 
            "goods_id": "100",
            "goods_img": "http://www.djlcg.com/images/201706/goods_img/13300_G_1498805501140.jpg" ,
            "goods_price": "1290.00",
            "goods_name": "白令(Bering)丹麦进口情侣手表时尚简约商务蓝宝石镜面皮带/钢带石英女士男士白令(Bering)丹麦进口情侣手表时尚简约商务蓝宝石镜面皮带/钢带石英女士男士",
            "goods_disc": "限时特惠"
          },
          { 
            "goods_id": "101",
            "goods_img": "http://www.djlcg.com/images/201612/goods_img/11996_G_1482916908957.jpg" ,
            "goods_price": "1399.00",
            "goods_name": "白令(Bering)丹麦进口情侣手表时尚简约商务蓝宝石镜面皮带/钢带石英女士男士白令(Bering)丹麦进口情侣手表时尚简约商务蓝宝石镜面皮带/钢带石英女士男士",
            "goods_disc": "限时特惠"
          },
          { 
            "goods_id": "102",
            "goods_img": "http://www.djlcg.com/images/201706/goods_img/13300_G_1498805501140.jpg" ,
            "goods_price": "1390.00",
            "goods_name": "白令(Bering)丹麦进口情侣手表时尚简约商务蓝宝石镜面皮带/钢带石英女士男士白令(Bering)丹麦进口情侣手表时尚简约商务蓝宝石镜面皮带/钢带石英女士男士",
            "goods_disc": "限时特惠"
          },
          { 
            "goods_id": "103",
            "goods_img": "http://www.djlcg.com/images/201612/goods_img/11996_G_1482916908957.jpg" ,
            "goods_price": "1290.00",
            "goods_name": "白令(Bering)丹麦进口情侣手表时尚简约商务蓝宝石镜面皮带/钢带石英女士男士白令(Bering)丹麦进口情侣手表时尚简约商务蓝宝石镜面皮带/钢带石英女士男士",
            "goods_disc": ""
          },
          {
           "goods_id": "104",
            "goods_img": "http://www.djlcg.com/images/201706/goods_img/13300_G_1498805501140.jpg" ,
            "goods_price": "1399.00",
            "goods_name": "白令(Bering)丹麦进口情侣手表时尚简约商务蓝宝石镜面皮带/钢带石英女士男士白令(Bering)丹麦进口情侣手表时尚简约商务蓝宝石镜面皮带/钢带石英女士男士",
            "goods_status": ""
          },
          { 
            "goods_id": "105",
            "goods_img": "http://www.djlcg.com/images/201612/goods_img/11996_G_1482916908957.jpg" ,
            "goods_price": "1390.00",
            "goods_name": "白令(Bering)丹麦进口情侣手表时尚简约商务蓝宝石镜面皮带/钢带石英女士男士白令(Bering)丹麦进口情侣手表时尚简约商务蓝宝石镜面皮带/钢带石英女士男士",
            "goods_status": ""
          },
          { 
            "goods_id": "106",
            "goods_img": "http://www.djlcg.com/images/201706/goods_img/13300_G_1498805501140.jpg" ,
            "goods_price": "1290.00",
            "goods_name": "白令(Bering)丹麦进口情侣手表时尚简约商务蓝宝石镜面皮带/钢带石英女士男士白令(Bering)丹麦进口情侣手表时尚简约商务蓝宝石镜面皮带/钢带石英女士男士",
            "goods_status": "限时特惠"
          },
          { 
            "goods_id": "107",
            "goods_img": "http://www.djlcg.com/images/201612/goods_img/11996_G_1482916908957.jpg" ,
            "goods_price": "1399.00",
            "goods_name": "白令(Bering)丹麦进口情侣手表时尚简约商务蓝宝石镜面皮带/钢带石英女士男士白令(Bering)丹麦进口情侣手表时尚简约商务蓝宝石镜面皮带/钢带石英女士男士",
            "goods_status": ""
          },
          { 
            "goods_id": "108",
            "goods_img": "http://www.djlcg.com/images/201706/goods_img/13300_G_1498805501140.jpg" ,
            "goods_price": "1390.00",
            "goods_name": "白令(Bering)丹麦进口情侣手表时尚简约商务蓝宝石镜面皮带/钢带石英女士男士白令(Bering)丹麦进口情侣手表时尚简约商务蓝宝石镜面皮带/钢带石英女士男士",
            "goods_status": ""
          },
          { 
            "goods_id": "109",
            "goods_img": "http://www.djlcg.com/images/201612/goods_img/11996_G_1482916908957.jpg" ,
            "goods_price": "1290.00",
            "goods_name": "白令(Bering)丹麦进口情侣手表时尚简约商务蓝宝石镜面皮带/钢带石英女士男士白令(Bering)丹麦进口情侣手表时尚简约商务蓝宝石镜面皮带/钢带石英女士男士",
            "goods_status": ""
          },
          { 
            "goods_id": "110",
            "goods_img": "http://www.djlcg.com/images/201706/goods_img/13300_G_1498805501140.jpg" ,
            "goods_price": "1399.00",
            "goods_name": "白令(Bering)丹麦进口情侣手表时尚简约商务蓝宝石镜面皮带/钢带石英女士男士白令(Bering)丹麦进口情侣手表时尚简约商务蓝宝石镜面皮带/钢带石英女士男士",
            "goods_status": ""
          },
          { 
            "goods_id": "111",
            "goods_img": "http://www.djlcg.com/images/201612/goods_img/11996_G_1482916908957.jpg" ,
            "goods_price": "1390.00",
            "goods_name": "白令(Bering)丹麦进口情侣手表时尚简约商务蓝宝石镜面皮带/钢带石英女士男士白令(Bering)丹麦进口情侣手表时尚简约商务蓝宝石镜面皮带/钢带石英女士男士",
            "goods_status": ""
          },
          { 
            "goods_img": "http://www.djlcg.com/images/201706/goods_img/13300_G_1498805501140.jpg" ,
            "goods_price": "1290.00",
            "goods_name": "白令(Bering)丹麦进口情侣手表时尚简约商务蓝宝石镜面皮带/钢带石英女士男士白令(Bering)丹麦进口情侣手表时尚简约商务蓝宝石镜面皮带/钢带石英女士男士",
            "goods_status": ""
          },
          { 
            "goods_img": "http://www.djlcg.com/images/201612/goods_img/11996_G_1482916908957.jpg" ,
            "goods_price": "1399.00",
            "goods_name": "白令(Bering)丹麦进口情侣手表时尚简约商务蓝宝石镜面皮带/钢带石英女士男士白令(Bering)丹麦进口情侣手表时尚简约商务蓝宝石镜面皮带/钢带石英女士男士",
            "goods_status": "限时特惠"
          },
          { 
            "goods_img": "http://www.djlcg.com/images/201706/goods_img/13300_G_1498805501140.jpg" ,
            "goods_price": "1390.00",
            "goods_name": "白令(Bering)丹麦进口情侣手表时尚简约商务蓝宝石镜面皮带/钢带石英女士男士白令(Bering)丹麦进口情侣手表时尚简约商务蓝宝石镜面皮带/钢带石英女士男士",
            "goods_status": "限时特惠"
          },
          { 
            "goods_img": "http://www.djlcg.com/images/201612/goods_img/11996_G_1482916908957.jpg" ,
            "goods_price": "1290.00",
            "goods_name": "白令(Bering)丹麦进口情侣手表时尚简约商务蓝宝石镜面皮带/钢带石英女士男士白令(Bering)丹麦进口情侣手表时尚简约商务蓝宝石镜面皮带/钢带石英女士男士",
            "goods_status": ""
          },
          { 
            "goods_img": "http://www.djlcg.com/images/201706/goods_img/13300_G_1498805501140.jpg" ,
            "goods_price": "1399.00",
            "goods_name": "白令(Bering)丹麦进口情侣手表时尚简约商务蓝宝石镜面皮带/钢带石英女士男士白令(Bering)丹麦进口情侣手表时尚简约商务蓝宝石镜面皮带/钢带石英女士男士",
            "goods_status": "限时特惠"
          },
          { 
            "goods_img": "http://www.djlcg.com/images/201612/goods_img/11996_G_1482916908957.jpg" ,
            "goods_price": "1390.00",
            "goods_name": "白令(Bering)丹麦进口情侣手表时尚简约商务蓝宝石镜面皮带/钢带石英女士男士白令(Bering)丹麦进口情侣手表时尚简约商务蓝宝石镜面皮带/钢带石英女士男士",
            "goods_status": ""
          },
          { 
            "goods_img": "http://www.djlcg.com/images/201706/goods_img/13300_G_1498805501140.jpg" ,
            "goods_price": "1290.00",
            "goods_name": "白令(Bering)丹麦进口情侣手表时尚简约商务蓝宝石镜面皮带/钢带石英女士男士白令(Bering)丹麦进口情侣手表时尚简约商务蓝宝石镜面皮带/钢带石英女士男士",
            "goods_status": ""
          },
          { 
            "goods_img": "http://www.djlcg.com/images/201706/goods_img/13300_G_1498805501140.jpg" ,
            "goods_price": "1399.00",
            "goods_name": "白令(Bering)丹麦进口情侣手表时尚简约商务蓝宝石镜面皮带/钢带石英女士男士白令(Bering)丹麦进口情侣手表时尚简约商务蓝宝石镜面皮带/钢带石英女士男士",
            "goods_status": "限时特惠"
          },
          { 
            "goods_img": "http://www.djlcg.com/images/201612/goods_img/11996_G_1482916908957.jpg" ,
            "goods_price": "1390.00",
            "goods_name": "白令(Bering)丹麦进口情侣手表时尚简约商务蓝宝石镜面皮带/钢带石英女士男士白令(Bering)丹麦进口情侣手表时尚简约商务蓝宝石镜面皮带/钢带石英女士男士",
            "goods_status": ""
          },
          { 
            "goods_img": "http://www.djlcg.com/images/201706/goods_img/13300_G_1498805501140.jpg" ,
            "goods_price": "1290.00",
            "goods_name": "白令(Bering)丹麦进口情侣手表时尚简约商务蓝宝石镜面皮带/钢带石英女士男士白令(Bering)丹麦进口情侣手表时尚简约商务蓝宝石镜面皮带/钢带石英女士男士",
            "goods_status": ""
          },
          { 
            "goods_img": "http://www.djlcg.com/images/201706/goods_img/13300_G_1498805501140.jpg" ,
            "goods_price": "1399.00",
            "goods_name": "白令(Bering)丹麦进口情侣手表时尚简约商务蓝宝石镜面皮带/钢带石英女士男士白令(Bering)丹麦进口情侣手表时尚简约商务蓝宝石镜面皮带/钢带石英女士男士",
            "goods_status": ""
          },
          { 
            "goods_img": "http://www.djlcg.com/images/201612/goods_img/11996_G_1482916908957.jpg" ,
            "goods_price": "1390.00",
            "goods_name": "白令(Bering)丹麦进口情侣手表时尚简约商务蓝宝石镜面皮带/钢带石英女士男士白令(Bering)丹麦进口情侣手表时尚简约商务蓝宝石镜面皮带/钢带石英女士男士",
            "goods_status": "限时特惠"
          }
    ]
  }
}
